Asset,Date,Open,High,Low,Close,Adj Close,Volume
BTC,2022-08-28,"20,024.36","20,137.88","19,880.16","19,998.09","19,998.09","24,457,920,512"
BTC,2022-08-27,"20,262.48","20,340.78","19,890.52","20,041.74","20,041.74","30,116,729,776"
BTC,2022-08-26,"21,596.09","21,804.91","20,199.48","20,260.02","20,260.02","42,326,789,564"
BTC,2022-08-25,"21,395.46","21,789.64","21,362.44","21,600.90","21,600.90","31,028,679,593"
BTC,2022-08-24,"21,526.46","21,783.08","21,195.01","21,395.02","21,395.02","31,962,253,368"
BTC,2022-08-23,"21,401.04","21,646.20","20,955.14","21,528.09","21,528.09","31,878,280,659"
BTC,2022-08-22,"21,531.46","21,531.46","20,939.18","21,398.91","21,398.91","31,666,498,758"
ETH,2022-08-28,"1,489.46","1,505.79","1,465.73","1,483.39","1,483.39","12,774,429,696"
ETH,2022-08-27,"1,508.16","1,517.15","1,454.28","1,491.40","1,491.40","18,120,831,899"
ETH,2022-08-26,"1,696.32","1,698.56","1,498.77","1,507.78","1,507.78","26,713,710,143"
ETH,2022-08-25,"1,657.34","1,718.18","1,656.86","1,696.46","1,696.46","14,818,795,695"
ETH,2022-08-24,"1,662.70","1,686.56","1,610.10","1,657.06","1,657.06","16,780,932,907"
ETH,2022-08-23,"1,622.94","1,666.68","1,569.43","1,662.77","1,662.77","18,322,041,914"
ETH,2022-08-22,"1,619.17","1,622.78","1,535.01","1,622.51","1,622.51","18,557,078,599"
USDT,2022-08-28,1.0000,1.0001,1.0000,1.0000,1.0000,"33,728,837,632"
USDT,2022-08-27,1.0001,1.0001,1.0000,1.0000,1.0000,"43,316,381,517"
USDT,2022-08-26,1.0001,1.0001,1.0000,1.0000,1.0000,"62,406,193,046"
USDT,2022-08-25,1.0000,1.0001,1.0000,1.0001,1.0001,"45,854,093,190"
USDT,2022-08-24,1.0000,1.0001,1.0000,1.0000,1.0000,"48,708,536,003"
USDT,2022-08-23,1.0000,1.0000,0.9999,1.0000,1.0000,"52,978,066,914"
USDT,2022-08-22,1.0000,1.0001,0.9999,1.0000,1.0000,"51,710,064,329"
USDC,2022-08-28,1.000043,1.000240,0.999808,0.999948,0.999948,"6,382,658,048"
USDC,2022-08-27,0.999921,1.000350,0.999701,1.000009,1.000009,"12,367,955,268"
USDC,2022-08-26,0.999979,1.000318,0.999549,0.999974,0.999974,"9,023,777,773"
USDC,2022-08-25,0.999921,1.000195,0.999671,0.999960,0.999960,"7,247,298,408"
USDC,2022-08-24,0.999999,1.000239,0.999647,0.999861,0.999861,"7,342,467,396"
USDC,2022-08-23,1.000136,1.000395,0.999705,0.999982,0.999982,"5,446,317,941"
USDC,2022-08-22,1.000114,1.000364,0.999764,1.000138,1.000138,"5,446,317,941"
BNB,2022-08-28,277.55,283.49,276.52,280.77,280.77,"776,752,896"
BNB,2022-08-27,279.57,283.85,274.54,277.80,277.80,"962,669,292"
BNB,2022-08-26,301.56,301.56,277.85,279.60,279.60,"1,210,077,085"
BNB,2022-08-25,296.49,306.14,296.20,301.58,301.58,"973,529,233"
BNB,2022-08-24,299.02,299.96,294.71,296.45,296.45,"935,405,757"
BNB,2022-08-23,300.57,301.20,294.32,299.03,299.03,"1,034,959,891"
BNB,2022-08-22,302.03,303.82,289.31,300.56,300.56,"1,463,703,478"
XRP,2022-08-28,0.334971,0.337156,0.333025,0.335088,0.335088,"542,151,232"
XRP,2022-08-27,0.338433,0.340249,0.330427,0.335347,0.335347,"920,820,399"
XRP,2022-08-26,0.349464,0.369568,0.333939,0.338370,0.338370,"1,653,482,688"
XRP,2022-08-25,0.346179,0.351366,0.344279,0.349497,0.349497,"970,585,823"
XRP,2022-08-24,0.347074,0.352136,0.339634,0.346145,0.346145,"957,472,562"
XRP,2022-08-23,0.344734,0.347691,0.333957,0.347092,0.347092,"930,696,331"
XRP,2022-08-22,0.345282,0.345282,0.332524,0.344721,0.344721,"1,001,511,240"
ADA,2022-08-28,0.449130,0.453335,0.440244,0.445252,0.445252,"483,289,696"
ADA,2022-08-27,0.431039,0.450795,0.428077,0.449703,0.449703,"733,099,946"
ADA,2022-08-26,0.464959,0.481639,0.428157,0.430863,0.430863,"1,299,179,883"
ADA,2022-08-25,0.458108,0.473415,0.458041,0.464999,0.464999,"525,337,287"
ADA,2022-08-24,0.465182,0.466601,0.454518,0.458109,0.458109,"494,717,036"
ADA,2022-08-23,0.461483,0.468810,0.447805,0.465207,0.465207,"562,953,519"
ADA,2022-08-22,0.463536,0.463536,0.440015,0.461446,0.461446,"722,091,304"
BUSD,2022-08-28,1.0003,1.0007,0.9998,1.0003,1.0003,"3,611,835,904"
BUSD,2022-08-27,1.0000,1.0007,0.9995,1.0002,1.0002,"5,418,792,299"
BUSD,2022-08-26,1.0002,1.0009,0.9997,1.0001,1.0001,"10,264,830,869"
BUSD,2022-08-25,1.0001,1.0007,0.9995,1.0002,1.0002,"4,230,243,446"
BUSD,2022-08-24,0.9999,1.0010,0.9995,1.0001,1.0001,"4,859,837,991"
BUSD,2022-08-23,1.0003,1.0008,0.9995,0.9998,0.9998,"4,782,594,109"
BUSD,2022-08-22,1.0000,1.0008,0.9995,1.0003,1.0003,"4,859,670,365"
SOL,2022-08-28,31.49,32.10,31.26,31.80,31.80,"526,069,760"
SOL,2022-08-27,31.71,32.21,30.95,31.54,31.54,"764,882,265"
SOL,2022-08-26,35.31,35.58,31.50,31.73,31.73,"1,315,871,629"
SOL,2022-08-25,34.96,36.42,34.93,35.32,35.32,"828,503,624"
SOL,2022-08-24,35.65,36.29,34.43,34.96,34.96,"946,325,778"
SOL,2022-08-23,35.48,36.05,34.31,35.65,35.65,"854,779,221"
SOL,2022-08-22,36.53,36.53,33.90,35.47,35.47,"1,139,846,770"
DOT,2022-08-28,7.0317,7.1432,6.9826,7.0712,7.0712,"229,168,224"
DOT,2022-08-27,6.9239,7.0860,6.8358,7.0487,7.0487,"309,589,522"
DOT,2022-08-26,7.5859,7.6514,6.8919,6.9240,6.9240,"409,439,777"
DOT,2022-08-25,7.5728,7.7431,7.4866,7.5872,7.5872,"260,711,829"
DOT,2022-08-24,7.6383,7.7313,7.4414,7.5724,7.5724,"301,128,081"
DOT,2022-08-23,7.4034,7.6968,7.2047,7.6384,7.6384,"357,178,869"
DOT,2022-08-22,7.4375,7.4388,7.0220,7.4020,7.4020,"321,523,178"
DOGE,2022-08-28,0.063535,0.064246,0.063191,0.063835,0.063835,"281,012,192"
DOGE,2022-08-27,0.063571,0.064065,0.062607,0.063587,0.063587,"380,887,727"
DOGE,2022-08-26,0.069082,0.069296,0.063254,0.063572,0.063572,"620,512,451"
DOGE,2022-08-25,0.067991,0.071579,0.067957,0.069094,0.069094,"469,798,193"
DOGE,2022-08-24,0.068771,0.069415,0.067298,0.067990,0.067990,"345,474,347"
DOGE,2022-08-23,0.068395,0.069169,0.067213,0.068770,0.068770,"335,476,543"
DOGE,2022-08-22,0.069441,0.069489,0.065606,0.068391,0.068391,"453,413,439"
AVAX,2022-08-28,20.00,20.36,19.69,19.97,19.97,"284,705,856"
AVAX,2022-08-27,20.60,20.86,19.87,20.08,20.08,"351,975,085"
AVAX,2022-08-26,23.01,23.17,20.43,20.60,20.60,"530,798,722"
AVAX,2022-08-25,23.03,23.63,22.75,23.02,23.02,"325,764,518"
AVAX,2022-08-24,23.52,23.58,22.86,23.02,23.02,"365,514,547"
AVAX,2022-08-23,22.58,23.65,21.88,23.52,23.52,"438,836,084"
AVAX,2022-08-22,22.97,22.98,21.69,22.58,22.58,"512,194,711"
MATIC,2022-08-28,0.804189,0.829578,0.801009,0.818567,0.818567,"410,672,640"
MATIC,2022-08-27,0.763835,0.811241,0.758536,0.805348,0.805348,"494,847,400"
MATIC,2022-08-26,0.818719,0.837818,0.758966,0.763723,0.763723,"598,910,538"
MATIC,2022-08-25,0.813656,0.831279,0.808662,0.818728,0.818728,"287,070,102"
MATIC,2022-08-24,0.831757,0.839009,0.804410,0.813591,0.813591,"322,771,599"
MATIC,2022-08-23,0.810358,0.834823,0.794125,0.831794,0.831794,"381,832,173"
MATIC,2022-08-22,0.820202,0.821339,0.772619,0.810341,0.810341,"393,663,565"
DAI,2022-08-28,1.000234,1.000686,0.997604,0.999566,0.999566,"322,503,456"
DAI,2022-08-27,0.999481,1.000798,0.997376,1.000157,1.000157,"457,308,374"
DAI,2022-08-26,1.000266,1.001133,0.998028,0.999350,0.999350,"562,172,158"
DAI,2022-08-25,0.999500,1.001022,0.999090,1.000224,1.000224,"298,166,577"
DAI,2022-08-24,0.999874,1.000795,0.998690,0.999498,0.999498,"415,089,299"
DAI,2022-08-23,1.000364,1.001247,0.998638,0.999896,0.999896,"475,977,728"
DAI,2022-08-22,0.999889,1.001377,0.997667,1.000294,1.000294,"490,923,610"
SHIB,2022-08-28,0.000012,0.000012,0.000012,0.000012,0.000012,"319,720,800"
SHIB,2022-08-27,0.000012,0.000013,0.000012,0.000012,0.000012,"437,249,950"
SHIB,2022-08-26,0.000014,0.000014,0.000012,0.000012,0.000012,"819,192,697"
SHIB,2022-08-25,0.000013,0.000015,0.000013,0.000014,0.000014,"959,400,151"
SHIB,2022-08-24,0.000013,0.000013,0.000013,0.000013,0.000013,"397,540,278"
SHIB,2022-08-23,0.000013,0.000013,0.000013,0.000013,0.000013,"401,297,299"
SHIB,2022-08-22,0.000013,0.000013,0.000013,0.000013,0.000013,"447,215,233"
UNI,2022-08-28,0.000100,0.000101,0.000099,0.000100,0.000100,1
UNI,2022-08-27,0.000101,0.000102,0.000099,0.000100,0.000100,1
UNI,2022-08-26,0.000108,0.000109,0.000101,0.000101,0.000101,1
UNI,2022-08-25,0.000107,0.000109,0.000107,0.000108,0.000108,1
UNI,2022-08-24,0.000108,0.000109,0.000106,0.000107,0.000107,1
UNI,2022-08-23,0.000107,0.000108,0.000105,0.000108,0.000108,1
UNI,2022-08-22,0.000108,0.000108,0.000105,0.000107,0.000107,1
TRX,2022-08-28,0.062824,0.063117,0.062438,0.062496,0.062496,"304,566,816"
TRX,2022-08-27,0.061650,0.062971,0.061241,0.062900,0.062900,"420,606,764"
TRX,2022-08-26,0.065493,0.065600,0.061546,0.061648,0.061648,"580,164,367"
TRX,2022-08-25,0.064856,0.065734,0.064821,0.065502,0.065502,"401,181,549"
TRX,2022-08-24,0.066253,0.066343,0.064838,0.064853,0.064853,"444,387,152"
TRX,2022-08-23,0.065560,0.066696,0.064963,0.066258,0.066258,"478,282,039"
TRX,2022-08-22,0.065982,0.066204,0.064631,0.065560,0.065560,"372,955,310"
WBTC,2022-08-28,"20,035.83","20,109.04","19,858.58","19,989.33","19,989.33","115,622,328"
WBTC,2022-08-27,"20,219.50","20,304.83","19,862.25","20,045.62","20,045.62","200,426,296"
WBTC,2022-08-26,"21,594.54","21,778.05","20,184.12","20,215.69","20,215.69","295,980,263"
WBTC,2022-08-25,"21,414.54","21,763.11","21,393.93","21,594.44","21,594.44","162,120,552"
WBTC,2022-08-24,"21,550.44","21,766.45","21,183.32","21,415.43","21,415.43","202,690,906"
WBTC,2022-08-23,"21,388.08","21,635.59","20,938.19","21,547.21","21,547.21","214,739,081"
WBTC,2022-08-22,"21,553.34","21,553.34","20,916.96","21,388.13","21,388.13","218,175,885"
ETC,2022-08-28,32.95,33.34,31.97,32.49,32.49,"709,722,624"
ETC,2022-08-27,33.89,34.34,32.20,32.99,32.99,"1,000,543,071"
ETC,2022-08-26,37.13,38.15,33.68,33.89,33.89,"1,657,422,977"
ETC,2022-08-25,35.31,37.97,35.31,37.13,37.13,"1,316,217,518"
ETC,2022-08-24,34.30,36.63,33.04,35.31,35.31,"1,125,022,262"
ETC,2022-08-23,34.02,34.61,32.38,34.30,34.30,"912,497,079"
ETC,2022-08-22,33.66,34.01,31.44,34.01,34.01,"859,089,222"
LEO,2022-08-28,5.1469,5.2152,5.1469,5.2101,5.2101,"3,426,131"
LEO,2022-08-27,5.1465,5.2361,5.0873,5.1451,5.1451,"3,530,615"
LEO,2022-08-26,5.1606,5.2711,5.0259,5.1484,5.1484,"3,441,477"
LEO,2022-08-25,5.3120,5.3437,5.1316,5.1603,5.1603,"3,600,643"
LEO,2022-08-24,5.3501,5.3741,5.2201,5.3127,5.3127,"3,444,476"
LEO,2022-08-23,5.0941,5.3524,5.0901,5.3514,5.3514,"3,461,673"
LEO,2022-08-22,5.1104,5.1832,5.0160,5.0927,5.0927,"3,207,863"
NEAR,2022-08-28,3.9165,3.9352,3.8177,3.8831,3.8831,"190,968,688"
NEAR,2022-08-27,3.9275,3.9719,3.8398,3.9165,3.9165,"248,689,034"
NEAR,2022-08-26,4.3243,4.4229,3.9062,3.9274,3.9274,"452,384,947"
NEAR,2022-08-25,4.2723,4.4365,4.2119,4.3255,4.3255,"254,432,076"
NEAR,2022-08-24,4.2988,4.3899,4.1527,4.2717,4.2717,"297,715,898"
NEAR,2022-08-23,4.1227,4.4064,4.0183,4.2999,4.2999,"414,202,845"
NEAR,2022-08-22,4.2272,4.2295,3.9380,4.1225,4.1225,"321,534,300"
LTC,2022-08-28,53.01,55.66,52.72,55.09,55.09,"469,602,848"
LTC,2022-08-27,52.76,53.28,52.12,53.05,53.05,"392,990,718"
LTC,2022-08-26,56.78,57.96,52.51,52.74,52.74,"567,680,603"
LTC,2022-08-25,56.48,57.37,56.09,56.79,56.79,"432,646,387"
LTC,2022-08-24,57.08,57.46,55.83,56.48,56.48,"471,510,182"
LTC,2022-08-23,57.25,57.58,54.28,57.08,57.08,"524,532,444"
LTC,2022-08-22,55.50,57.26,52.52,57.26,57.26,"766,070,930"
LINK,2022-08-28,6.5282,6.6172,6.4460,6.5458,6.5458,"218,796,672"
LINK,2022-08-27,6.4884,6.5964,6.4428,6.5375,6.5375,"289,710,107"
LINK,2022-08-26,7.1334,7.1447,6.4578,6.4865,6.4865,"437,835,378"
LINK,2022-08-25,7.1358,7.3592,7.0339,7.1337,7.1337,"339,331,474"
LINK,2022-08-24,7.2442,7.3346,7.0380,7.1356,7.1356,"313,605,362"
LINK,2022-08-23,7.0352,7.3023,6.8083,7.2449,7.2449,"338,299,201"
LINK,2022-08-22,7.0870,7.0870,6.7111,7.0347,7.0347,"408,080,045"
FTT,2022-08-28,25.78,26.07,25.63,25.87,25.87,"265,211,104"
FTT,2022-08-27,25.95,26.07,25.50,25.80,25.80,"281,599,137"
FTT,2022-08-26,27.96,28.08,25.85,25.96,25.96,"288,373,686"
FTT,2022-08-25,27.56,28.26,27.56,27.97,27.97,"242,736,431"
FTT,2022-08-24,27.79,28.03,27.26,27.56,27.56,"240,868,400"
FTT,2022-08-23,27.72,27.97,26.95,27.79,27.79,"271,248,919"
FTT,2022-08-22,27.72,27.74,26.55,27.72,27.72,"319,620,502"
CRO,2022-08-28,0.120055,0.122318,0.119573,0.121277,0.121277,"13,133,716"
CRO,2022-08-27,0.120319,0.121722,0.118838,0.120253,0.120253,"15,053,356"
CRO,2022-08-26,0.131656,0.131821,0.119882,0.120310,0.120310,"23,059,536"
CRO,2022-08-25,0.128946,0.133318,0.128835,0.131664,0.131664,"17,869,704"
CRO,2022-08-24,0.128790,0.131152,0.126260,0.128995,0.128995,"13,923,471"
CRO,2022-08-23,0.128092,0.129097,0.125354,0.128778,0.128778,"16,092,767"
CRO,2022-08-22,0.127874,0.128085,0.122337,0.128078,0.128078,"19,670,429"
ATOM,2022-08-28,11.15,11.34,10.82,11.00,11.00,"241,227,760"
ATOM,2022-08-27,11.50,11.53,10.73,11.19,11.19,"401,257,836"
ATOM,2022-08-26,12.87,13.04,11.40,11.50,11.50,"575,404,059"
ATOM,2022-08-25,13.01,13.23,12.62,12.87,12.87,"523,253,337"
ATOM,2022-08-24,12.12,13.32,11.63,13.02,13.02,"737,452,278"
ATOM,2022-08-23,11.09,12.28,10.99,12.12,12.12,"534,155,552"
ATOM,2022-08-22,10.64,11.09,10.09,11.08,11.08,"252,756,628"
XLM,2022-08-28,0.105471,0.106324,0.104932,0.105497,0.105497,"88,973,952"
XLM,2022-08-27,0.103809,0.105611,0.102881,0.105548,0.105548,"109,455,837"
XLM,2022-08-26,0.110349,0.113732,0.103237,0.103800,0.103800,"177,849,583"
XLM,2022-08-25,0.109444,0.110887,0.109143,0.110354,0.110354,"98,602,272"
XLM,2022-08-24,0.110796,0.110932,0.108456,0.109439,0.109439,"99,891,183"
XLM,2022-08-23,0.109598,0.111137,0.107539,0.110806,0.110806,"106,370,062"
XLM,2022-08-22,0.111095,0.111095,0.106443,0.109572,0.109572,"106,285,743"
FLOW,2022-08-28,1.8257,1.8401,1.7908,1.8006,1.8006,"39,508,040"
FLOW,2022-08-27,1.8502,1.9059,1.7999,1.8257,1.8257,"45,182,106"
FLOW,2022-08-26,2.1392,2.1392,1.8296,1.8501,1.8501,"74,817,422"
FLOW,2022-08-25,2.1509,2.2143,2.1307,2.1392,2.1392,"41,142,474"
FLOW,2022-08-24,2.1437,2.2284,2.0721,2.1515,2.1515,"59,491,230"
FLOW,2022-08-23,2.1315,2.1647,2.0388,2.1438,2.1438,"54,032,962"
FLOW,2022-08-22,2.1651,2.1726,2.0279,2.1316,2.1316,"74,555,887"
XMR,2022-08-28,144.89,146.88,144.26,146.18,146.18,"83,502,472"
XMR,2022-08-27,142.71,145.72,141.93,145.06,145.06,"87,999,222"
XMR,2022-08-26,154.19,155.24,141.64,142.71,142.71,"114,446,697"
XMR,2022-08-25,150.96,155.33,150.51,154.22,154.22,"81,474,548"
XMR,2022-08-24,154.56,154.79,150.46,150.97,150.97,"103,296,087"
XMR,2022-08-23,153.91,155.78,150.32,154.62,154.62,"104,083,826"
XMR,2022-08-22,154.48,154.67,150.61,153.89,153.89,"100,084,496"
BCH,2022-08-28,115.25,119.53,114.88,117.59,117.59,"233,155,824"
BCH,2022-08-27,116.29,118.13,113.89,115.35,115.35,"268,806,259"
BCH,2022-08-26,130.67,130.67,115.85,116.29,116.29,"335,487,137"
BCH,2022-08-25,131.20,132.39,129.40,130.68,130.68,"265,805,093"
BCH,2022-08-24,133.48,138.12,131.21,131.21,131.21,"382,734,219"
BCH,2022-08-23,122.84,135.32,120.60,133.49,133.49,"446,011,678"
BCH,2022-08-22,119.30,122.91,114.23,122.86,122.86,"296,849,422"
ALGO,2022-08-28,0.288558,0.294832,0.286598,0.292462,0.292462,"51,547,304"
ALGO,2022-08-27,0.282222,0.290151,0.279693,0.289170,0.289170,"65,267,730"
ALGO,2022-08-26,0.307214,0.307396,0.280487,0.282159,0.282159,"106,667,550"
ALGO,2022-08-25,0.302389,0.309499,0.300915,0.307252,0.307252,"71,448,809"
ALGO,2022-08-24,0.307699,0.309009,0.299376,0.302357,0.302357,"69,399,573"
ALGO,2022-08-23,0.303040,0.309019,0.293646,0.307729,0.307729,"70,940,068"
ALGO,2022-08-22,0.306749,0.306803,0.290886,0.303030,0.303030,"72,896,184"
VET,2022-08-28,0.024406,0.024795,0.024228,0.024539,0.024539,"56,474,696"
VET,2022-08-27,0.024416,0.024824,0.024073,0.024447,0.024447,"66,471,047"
VET,2022-08-26,0.026757,0.027169,0.024192,0.024401,0.024401,"98,403,319"
VET,2022-08-25,0.026240,0.027143,0.026238,0.026760,0.026760,"63,649,679"
VET,2022-08-24,0.026447,0.026869,0.025698,0.026239,0.026239,"77,281,580"
VET,2022-08-23,0.026167,0.026651,0.025341,0.026444,0.026444,"81,146,770"
VET,2022-08-22,0.026561,0.026569,0.025039,0.026166,0.026166,"81,680,543"
FIL,2022-08-28,5.8222,5.8761,5.7155,5.8150,5.8150,"156,532,272"
FIL,2022-08-27,5.6474,5.8588,5.6055,5.8308,5.8308,"212,303,548"
FIL,2022-08-26,6.3627,6.3627,5.5990,5.6464,5.6464,"316,005,694"
FIL,2022-08-25,6.2772,6.4819,6.2759,6.3638,6.3638,"209,209,416"
FIL,2022-08-24,6.3755,6.5304,6.1935,6.2764,6.2764,"246,562,839"
FIL,2022-08-23,6.3195,6.4350,6.1314,6.3761,6.3761,"207,326,848"
FIL,2022-08-22,6.4141,6.4152,6.0456,6.3185,6.3185,"232,443,391"
APE,2022-08-28,0.005644,0.005755,0.005619,0.005712,0.005712,-
APE,2022-08-27,0.005364,0.005646,0.005319,0.005643,0.005643,-
APE,2022-08-26,0.005830,0.005841,0.005139,0.005364,0.005364,-
APE,2022-08-25,0.006161,0.006541,0.005369,0.005832,0.005832,-
APE,2022-08-24,0.006123,0.006815,0.006013,0.006161,0.006161,-
APE,2022-08-23,0.005774,0.006924,0.005761,0.006122,0.006122,-
APE,2022-08-22,0.006004,0.006225,0.005705,0.005774,0.005774,-
ICP,2022-08-28,6.2956,6.5410,6.0830,6.5117,6.5117,"96,477,040"
ICP,2022-08-27,5.7382,6.4343,5.6916,6.3034,6.3034,"114,389,752"
ICP,2022-08-26,6.3536,6.3760,5.6689,5.7357,5.7357,"81,432,054"
ICP,2022-08-25,6.4079,6.6460,6.2698,6.3535,6.3535,"61,805,160"
ICP,2022-08-24,6.3828,6.6375,6.2707,6.4078,6.4078,"58,676,908"
ICP,2022-08-23,6.3816,6.4632,6.1516,6.3828,6.3828,"67,809,182"
ICP,2022-08-22,6.4568,6.4586,6.1146,6.3801,6.3801,"49,789,577"
MANA,2022-08-28,0.775201,0.790814,0.771117,0.783400,0.783400,"99,678,920"
MANA,2022-08-27,0.776025,0.780181,0.757882,0.776923,0.776923,"142,492,616"
MANA,2022-08-26,0.839490,0.846435,0.768903,0.776158,0.776158,"192,814,324"
MANA,2022-08-25,0.833175,0.852209,0.826826,0.839541,0.839541,"122,589,504"
MANA,2022-08-24,0.834580,0.855276,0.813190,0.833165,0.833165,"139,347,560"
MANA,2022-08-23,0.831323,0.837454,0.807849,0.834596,0.834596,"162,259,873"
MANA,2022-08-22,0.853273,0.853273,0.804555,0.831232,0.831232,"148,359,518"
XTZ,2022-08-28,1.4612,1.4922,1.4530,1.4778,1.4778,"25,481,482"
XTZ,2022-08-27,1.4798,1.4865,1.4363,1.4637,1.4637,"37,226,135"
XTZ,2022-08-26,1.6686,1.6700,1.4690,1.4795,1.4795,"57,733,861"
XTZ,2022-08-25,1.6025,1.6761,1.6004,1.6686,1.6686,"47,201,510"
XTZ,2022-08-24,1.5935,1.6388,1.5579,1.6025,1.6025,"45,329,633"
XTZ,2022-08-23,1.5888,1.6032,1.5409,1.5936,1.5936,"35,842,477"
XTZ,2022-08-22,1.6308,1.6327,1.5272,1.5887,1.5887,"45,371,281"
HBAR,2022-08-28,0.062863,0.065065,0.062502,0.064634,0.064634,"19,132,844"
HBAR,2022-08-27,0.062577,0.063662,0.062014,0.062931,0.062931,"20,313,872"
HBAR,2022-08-26,0.069682,0.069682,0.062055,0.062573,0.062573,"47,540,562"
HBAR,2022-08-25,0.067494,0.069712,0.067359,0.069618,0.069618,"31,716,167"
HBAR,2022-08-24,0.067073,0.069220,0.065298,0.067501,0.067501,"31,954,195"
HBAR,2022-08-23,0.066409,0.067349,0.064392,0.067078,0.067078,"16,203,211"
HBAR,2022-08-22,0.069300,0.070245,0.064181,0.066411,0.066411,"25,730,339"
SAND,2022-08-28,0.964541,0.978135,0.953808,0.966725,0.966725,"155,108,272"
SAND,2022-08-27,0.957128,0.969951,0.940338,0.966507,0.966507,"213,137,590"
SAND,2022-08-26,1.050974,1.054639,0.951546,0.957127,0.957127,"338,133,942"
SAND,2022-08-25,1.046062,1.070891,1.035765,1.051183,1.051183,"224,455,086"
SAND,2022-08-24,1.067588,1.071710,1.030131,1.045914,1.045914,"246,148,864"
SAND,2022-08-23,1.051664,1.073769,1.019516,1.067481,1.067481,"252,788,598"
SAND,2022-08-22,1.072152,1.072186,1.013551,1.051669,1.051669,"350,656,719"
THETA,2022-08-28,1.1268,1.1501,1.1197,1.1376,1.1376,"25,223,976"
THETA,2022-08-27,1.1498,1.1564,1.1068,1.1261,1.1261,"36,294,031"
THETA,2022-08-26,1.2634,1.2989,1.1414,1.1491,1.1491,"87,312,111"
THETA,2022-08-25,1.2259,1.2888,1.2255,1.2637,1.2637,"34,567,195"
THETA,2022-08-24,1.2357,1.2570,1.1968,1.2258,1.2258,"29,755,078"
THETA,2022-08-23,1.2191,1.2404,1.1743,1.2358,1.2358,"24,609,667"
THETA,2022-08-22,1.2293,1.2298,1.1555,1.2196,1.2196,"27,919,688"
AXS,2022-08-28,13.84,13.95,13.59,13.76,13.76,"83,184,504"
AXS,2022-08-27,13.29,13.93,13.04,13.85,13.85,"96,179,852"
AXS,2022-08-26,14.71,14.86,13.15,13.28,13.28,"126,698,433"
AXS,2022-08-25,14.55,14.95,14.46,14.71,14.71,"79,952,989"
AXS,2022-08-24,14.68,14.95,14.24,14.55,14.55,"106,839,212"
AXS,2022-08-23,14.25,14.82,13.75,14.68,14.68,"126,704,079"
AXS,2022-08-22,14.47,14.47,13.53,14.25,14.25,"102,903,159"
AAVE,2022-08-28,82.13,83.30,80.78,82.53,82.53,"103,922,344"
AAVE,2022-08-27,82.75,83.32,80.70,82.08,82.08,"157,609,358"
AAVE,2022-08-26,93.43,93.60,82.31,82.76,82.76,"234,525,343"
AAVE,2022-08-25,88.55,95.47,88.05,93.43,93.43,"204,750,158"
AAVE,2022-08-24,89.40,91.50,87.02,88.56,88.56,"168,189,693"
AAVE,2022-08-23,88.37,90.83,85.45,89.40,89.40,"219,832,625"
AAVE,2022-08-22,85.99,88.33,82.24,88.33,88.33,"186,718,602"
EGLD,2022-08-28,51.84,52.71,51.33,51.83,51.83,"27,587,414"
EGLD,2022-08-27,51.81,53.07,50.94,51.95,51.95,"41,751,693"
EGLD,2022-08-26,57.37,59.02,51.45,51.80,51.80,"87,077,318"
EGLD,2022-08-25,55.12,57.88,55.11,57.39,57.39,"49,574,042"
EGLD,2022-08-24,54.01,56.35,52.84,55.12,55.12,"68,467,218"
EGLD,2022-08-23,53.96,54.54,52.41,54.00,54.00,"75,406,406"
EGLD,2022-08-22,54.70,55.61,52.36,53.96,53.96,"35,280,973"
QNT,2022-08-28,94.20,98.80,93.55,96.32,96.32,"29,728,764"
QNT,2022-08-27,98.16,100.03,93.59,94.23,94.23,"29,808,217"
QNT,2022-08-26,106.88,107.02,97.75,98.19,98.19,"33,054,554"
QNT,2022-08-25,108.12,111.50,105.86,106.91,106.91,"24,021,826"
QNT,2022-08-24,109.91,112.01,108.08,108.10,108.10,"26,047,670"
QNT,2022-08-23,107.22,111.88,104.94,109.91,109.91,"32,180,411"
QNT,2022-08-22,111.03,112.92,104.27,107.14,107.14,"29,181,474"
EOS,2022-08-28,1.5361,1.5628,1.4819,1.5058,1.5058,"350,315,488"
EOS,2022-08-27,1.5413,1.5534,1.4783,1.5408,1.5408,"438,058,434"
EOS,2022-08-26,1.7395,1.7664,1.5293,1.5404,1.5404,"749,280,196"
EOS,2022-08-25,1.7762,1.7842,1.6635,1.7400,1.7400,"660,555,401"
EOS,2022-08-24,1.8069,1.8069,1.6872,1.7759,1.7759,"699,917,803"
EOS,2022-08-23,1.8415,1.8772,1.7154,1.8070,1.8070,"1,111,952,734"
EOS,2022-08-22,1.5681,1.8899,1.4757,1.8414,1.8414,"1,364,405,187"
TUSD,2022-08-28,1.000072,1.000946,0.999023,0.999903,0.999903,"172,957,296"
TUSD,2022-08-27,1.000119,1.001590,0.998957,1.000206,1.000206,"200,515,907"
TUSD,2022-08-26,0.999981,1.001872,0.999171,1.000243,1.000243,"432,150,892"
TUSD,2022-08-25,1.000220,1.000992,0.999523,1.000012,1.000012,"202,826,467"
TUSD,2022-08-24,1.000181,1.000885,0.999554,1.000268,1.000268,"206,211,899"
TUSD,2022-08-23,1.000538,1.002072,0.999642,1.000236,1.000236,"185,516,330"
TUSD,2022-08-22,1.000029,1.001689,0.999477,1.000567,1.000567,"225,865,558"
BSV,2022-08-28,52.50,53.73,52.04,53.21,53.21,"83,210,728"
BSV,2022-08-27,52.16,52.53,51.35,52.37,52.37,"94,022,143"
BSV,2022-08-26,55.68,55.68,51.97,52.21,52.21,"112,622,275"
BSV,2022-08-25,55.52,56.47,54.71,55.70,55.70,"89,075,849"
BSV,2022-08-24,56.35,57.33,55.09,55.52,55.52,"101,025,198"
BSV,2022-08-23,55.27,57.30,54.01,56.37,56.37,"87,294,110"
BSV,2022-08-22,54.93,55.30,52.43,55.25,55.25,"65,241,908"
ZEC,2022-08-28,61.47,62.84,61.06,62.13,62.13,"58,364,048"
ZEC,2022-08-27,61.09,62.07,60.10,61.53,61.53,"67,357,695"
ZEC,2022-08-26,67.83,67.96,60.52,61.09,61.09,"99,438,928"
ZEC,2022-08-25,67.77,69.71,67.09,67.84,67.84,"78,177,349"
ZEC,2022-08-24,66.38,69.41,64.88,67.77,67.77,"86,507,074"
ZEC,2022-08-23,64.97,66.77,62.95,66.39,66.39,"85,228,700"
ZEC,2022-08-22,64.86,64.97,60.87,64.96,64.96,"70,573,274"
OKB,2022-08-28,16.09,16.29,15.64,15.80,15.80,"9,572,289"
OKB,2022-08-27,16.11,16.23,15.79,16.13,16.13,"9,792,554"
OKB,2022-08-26,17.72,17.75,16.02,16.10,16.10,"15,215,841"
OKB,2022-08-25,17.40,17.87,17.40,17.72,17.72,"10,437,759"
OKB,2022-08-24,17.53,17.68,17.22,17.39,17.39,"11,775,994"
OKB,2022-08-23,17.53,17.82,17.20,17.54,17.54,"15,477,325"
OKB,2022-08-22,17.82,17.83,16.97,17.52,17.52,"16,475,297"
HNT,2022-08-28,6.0361,6.1891,6.0087,6.0917,6.0917,"7,371,932"
HNT,2022-08-27,5.9365,6.0980,5.8620,6.0437,6.0437,"8,291,277"
HNT,2022-08-26,6.7440,6.7440,5.9059,5.9348,5.9348,"15,066,629"
HNT,2022-08-25,6.9669,7.0961,6.6911,6.7435,6.7435,"13,665,362"
HNT,2022-08-24,6.6741,7.6620,6.5895,6.9668,6.9668,"39,972,080"
HNT,2022-08-23,6.5370,6.7076,6.4012,6.6758,6.6758,"7,936,917"
HNT,2022-08-22,6.8863,6.9003,6.3552,6.5366,6.5366,"7,155,469"
MKR,2022-08-28,764.59,777.94,762.04,770.43,770.43,"99,154,488"
MKR,2022-08-27,760.65,779.63,755.94,765.67,765.67,"144,775,322"
MKR,2022-08-26,846.89,846.89,756.67,760.48,760.48,"227,480,396"
MKR,2022-08-25,854.62,875.89,837.15,846.94,846.94,"143,997,363"
MKR,2022-08-24,855.59,871.00,840.32,854.55,854.55,"157,802,464"
MKR,2022-08-23,840.09,858.78,818.24,855.52,855.52,"204,678,849"
MKR,2022-08-22,839.51,854.61,800.60,840.00,840.00,"204,501,035"
KCS,2022-08-28,9.1193,9.1991,8.9859,9.0042,9.0042,"2,414,072"
KCS,2022-08-27,9.2471,9.2942,9.0476,9.1268,9.1268,"2,517,267"
KCS,2022-08-26,9.7416,9.8080,9.2004,9.2420,9.2420,"3,003,954"
KCS,2022-08-25,9.6131,9.8131,9.6031,9.7442,9.7442,"2,203,077"
KCS,2022-08-24,9.6913,9.7537,9.4806,9.6106,9.6106,"2,184,180"
KCS,2022-08-23,9.5753,9.7192,9.4264,9.6936,9.6936,"2,239,440"
KCS,2022-08-22,9.6074,9.6132,9.3338,9.5721,9.5721,"2,241,857"
FTM,2022-08-28,0.273804,0.280426,0.271768,0.276777,0.276777,"112,307,056"
FTM,2022-08-27,0.273771,0.278138,0.267849,0.274538,0.274538,"160,332,078"
FTM,2022-08-26,0.307548,0.307548,0.272122,0.273726,0.273726,"254,823,256"
FTM,2022-08-25,0.302492,0.317442,0.302290,0.307572,0.307572,"192,451,799"
FTM,2022-08-24,0.305365,0.312013,0.294874,0.302518,0.302518,"211,917,199"
FTM,2022-08-23,0.296590,0.307364,0.288905,0.305366,0.305366,"183,301,177"
FTM,2022-08-22,0.306807,0.307043,0.285768,0.296602,0.296602,"280,798,101"
GRT,2022-08-27,-,-,-,-,-,-
GRT,2022-08-26,-,-,-,-,-,-
GRT,2022-08-25,-,-,-,-,-,-
GRT,2022-08-24,-,-,-,-,-,-
GRT,2022-08-23,-,-,-,-,-,-
GRT,2022-08-22,-,-,-,-,-,-
GRT,2022-08-21,-,-,-,-,-,-
MIOTA,2022-08-28,0.279662,0.285202,0.277788,0.282465,0.282465,"6,707,740"
MIOTA,2022-08-27,0.279238,0.282187,0.274028,0.280028,0.280028,"9,786,441"
MIOTA,2022-08-26,0.306173,0.308686,0.277018,0.279043,0.279043,"19,390,261"
MIOTA,2022-08-25,0.298564,0.306888,0.298537,0.306309,0.306309,"10,694,417"
MIOTA,2022-08-24,0.297545,0.305564,0.291434,0.298560,0.298560,"12,581,236"
MIOTA,2022-08-23,0.290701,0.298254,0.281441,0.297554,0.297554,"13,342,092"
MIOTA,2022-08-22,0.295310,0.295350,0.278340,0.290616,0.290616,"8,764,790"
RUNE,2022-08-28,1.9468,1.9688,1.9256,1.9492,1.9492,"44,698,608"
RUNE,2022-08-27,1.9485,1.9750,1.9124,1.9491,1.9491,"68,111,953"
RUNE,2022-08-26,2.1877,2.1994,1.9340,1.9486,1.9486,"132,219,287"
RUNE,2022-08-25,2.1854,2.2786,2.1618,2.1880,2.1880,"81,692,224"
RUNE,2022-08-24,2.1706,2.2487,2.0986,2.1850,2.1850,"88,351,717"
RUNE,2022-08-23,2.1276,2.1911,2.0583,2.1705,2.1705,"91,008,633"
RUNE,2022-08-22,2.1707,2.1716,2.0393,2.1273,2.1273,"81,913,792"
BTT,2022-08-28,0.000837,0.000843,0.000810,0.000816,0.000816,"63,983"
BTT,2022-08-27,0.000865,0.000874,0.000806,0.000837,0.000837,"67,195"
BTT,2022-08-26,0.000915,0.000915,0.000863,0.000865,0.000865,"60,864"
BTT,2022-08-25,0.000908,0.000929,0.000905,0.000915,0.000915,"60,618"
BTT,2022-08-24,0.000948,0.000948,0.000906,0.000908,0.000908,"61,204"
BTT,2022-08-23,0.000968,0.000970,0.000910,0.000947,0.000947,"66,049"
BTT,2022-08-22,0.000982,0.000985,0.000954,0.000969,0.000969,"62,725"
USDP,2022-08-28,0.999386,1.001036,0.998004,0.999406,0.999406,"7,656,979"
USDP,2022-08-27,0.997297,1.000839,0.996239,0.999547,0.999547,"5,578,470"
USDP,2022-08-26,1.000143,1.003509,0.993989,0.997423,0.997423,"9,812,701"
USDP,2022-08-25,0.999767,1.002559,0.998619,1.000180,1.000180,"6,985,241"
USDP,2022-08-24,1.001149,1.002376,0.998229,0.999782,0.999782,"4,960,297"
USDP,2022-08-23,1.002196,1.003627,0.998630,1.002066,1.002066,"4,401,555"
USDP,2022-08-22,1.001195,1.003123,0.998459,1.002074,1.002074,"5,722,185"
XEC,2022-08-28,0.000037,0.000062,0.000037,0.000047,0.000047,"382,870,016"
XEC,2022-08-27,0.000037,0.000037,0.000036,0.000037,0.000037,"4,836,896"
XEC,2022-08-26,0.000040,0.000040,0.000037,0.000037,0.000037,"9,417,798"
XEC,2022-08-25,0.000039,0.000040,0.000039,0.000040,0.000040,"5,670,391"
XEC,2022-08-24,0.000039,0.000040,0.000038,0.000039,0.000039,"5,727,351"
XEC,2022-08-23,0.000039,0.000039,0.000038,0.000039,0.000039,"7,795,184"
XEC,2022-08-22,0.000040,0.000040,0.000038,0.000039,0.000039,"5,881,691"
CHZ,2022-08-28,0.218835,0.231959,0.215940,0.218557,0.218557,"471,687,296"
CHZ,2022-08-27,0.207020,0.222664,0.207020,0.220265,0.220265,"500,194,464"
CHZ,2022-08-26,0.224282,0.238860,0.203231,0.207100,0.207100,"777,686,389"
CHZ,2022-08-25,0.242253,0.242944,0.220256,0.224285,0.224285,"465,252,495"
CHZ,2022-08-24,0.249550,0.263575,0.235153,0.242247,0.242247,"751,523,780"
CHZ,2022-08-23,0.221811,0.257827,0.216114,0.249499,0.249499,"901,883,753"
CHZ,2022-08-22,0.187046,0.222823,0.182915,0.221774,0.221774,"624,878,780"
KLAY,2022-08-28,0.236968,0.240792,0.236090,0.239891,0.239891,"29,161,816"
KLAY,2022-08-27,0.241622,0.241852,0.235381,0.237306,0.237306,"27,589,320"
KLAY,2022-08-26,0.254770,0.255264,0.241111,0.241616,0.241616,"46,550,226"
KLAY,2022-08-25,0.252999,0.257310,0.252999,0.254825,0.254825,"29,280,152"
KLAY,2022-08-24,0.256643,0.260585,0.252823,0.253008,0.253008,"39,175,543"
KLAY,2022-08-23,0.248777,0.256752,0.246602,0.256639,0.256639,"47,990,582"
KLAY,2022-08-22,0.247299,0.248610,0.243896,0.248578,0.248578,"97,389,791"
NEO,2022-08-28,9.1388,9.2957,9.0789,9.2090,9.2090,"43,872,540"
NEO,2022-08-27,9.0036,9.2190,8.9046,9.1480,9.1480,"50,137,077"
NEO,2022-08-26,9.9997,10.0077,8.9489,9.0071,9.0071,"69,954,761"
NEO,2022-08-25,9.9270,10.2336,9.8780,10.0002,10.0002,"51,058,060"
NEO,2022-08-24,9.9497,10.2575,9.6811,9.9263,9.9263,"70,360,874"
NEO,2022-08-23,9.6840,10.0002,9.4083,9.9495,9.9495,"63,094,492"
NEO,2022-08-22,9.8770,9.8774,9.2426,9.6837,9.6837,"47,288,993"
LDO,2022-08-28,1.6288,1.7052,1.6066,1.6958,1.6958,"67,694,728"
LDO,2022-08-27,1.7393,1.7740,1.5899,1.6290,1.6290,"106,213,598"
LDO,2022-08-26,2.0069,2.0777,1.7079,1.7392,1.7392,"134,416,277"
LDO,2022-08-25,2.1688,2.2748,1.9792,2.0069,2.0069,"163,187,200"
LDO,2022-08-24,2.1342,2.3260,2.0606,2.1678,2.1678,"153,305,773"
LDO,2022-08-23,2.1870,2.2423,2.0443,2.1347,2.1347,"209,522,796"
LDO,2022-08-22,2.1559,2.1945,1.8789,2.1834,2.1834,"257,243,332"
USDD,2022-08-28,0.9992,1.0004,0.9992,1.0000,1.0000,"16,655,822"
USDD,2022-08-27,0.9995,1.0009,0.9990,0.9999,0.9999,"19,864,730"
USDD,2022-08-26,1.0000,1.0008,0.9984,0.9998,0.9998,"20,678,278"
USDD,2022-08-25,0.9991,1.0016,0.9989,0.9999,0.9999,"17,930,597"
USDD,2022-08-24,0.9997,1.0018,0.9984,0.9994,0.9994,"9,472,126"
USDD,2022-08-23,1.0004,1.0013,0.9986,1.0000,1.0000,"11,756,554"
USDD,2022-08-22,1.0007,1.0011,0.9980,1.0002,1.0002,"13,504,818"
CRV,2022-08-28,1.0453,1.0572,1.0226,1.0373,1.0373,"85,180,024"
CRV,2022-08-27,1.0530,1.0648,1.0237,1.0455,1.0455,"101,748,486"
CRV,2022-08-26,1.1801,1.2065,1.0475,1.0529,1.0529,"153,205,414"
CRV,2022-08-25,1.1783,1.2320,1.1711,1.1801,1.1801,"123,035,169"
CRV,2022-08-24,1.1841,1.2187,1.1394,1.1783,1.1783,"147,988,542"
CRV,2022-08-23,1.1001,1.1954,1.0691,1.1841,1.1841,"205,125,564"
CRV,2022-08-22,1.0269,1.1007,0.9800,1.1003,1.1003,"174,682,671"
USDN,2022-08-28,0.981910,0.984359,0.980135,0.981533,0.981533,"1,644,310"
USDN,2022-08-27,0.984018,0.984991,0.968832,0.982448,0.982448,"3,508,192"
USDN,2022-08-26,0.938980,0.984951,0.906843,0.984024,0.984024,"9,381,746"
USDN,2022-08-25,0.979226,0.982638,0.936228,0.938980,0.938980,"4,872,782"
USDN,2022-08-24,0.992164,0.992182,0.978699,0.979226,0.979226,"3,430,855"
USDN,2022-08-23,0.985209,0.994021,0.977447,0.992174,0.992174,"5,298,448"
USDN,2022-08-22,0.979195,0.985436,0.974451,0.985274,0.985274,"3,391,402"
BAT,2022-08-28,0.337693,0.343504,0.335524,0.340298,0.340298,"23,434,902"
BAT,2022-08-27,0.336441,0.340858,0.332414,0.338196,0.338196,"36,489,621"
BAT,2022-08-26,0.373495,0.375429,0.334700,0.336370,0.336370,"67,230,001"
BAT,2022-08-25,0.368379,0.377119,0.367080,0.373507,0.373507,"38,044,468"
BAT,2022-08-24,0.371573,0.378218,0.360547,0.368381,0.368381,"36,934,931"
BAT,2022-08-23,0.362606,0.372535,0.353560,0.371596,0.371596,"37,796,645"
BAT,2022-08-22,0.369419,0.369419,0.349307,0.362567,0.362567,"31,324,927"
HT,2022-08-28,4.9864,5.1005,4.6921,4.8761,4.8761,"24,258,062"
HT,2022-08-27,5.0011,5.3314,4.9477,4.9874,4.9874,"31,439,394"
HT,2022-08-26,4.7818,5.2254,4.6264,4.9993,4.9993,"38,403,883"
HT,2022-08-25,4.6958,4.9599,4.6859,4.7834,4.7834,"23,173,398"
HT,2022-08-24,4.6278,4.8264,4.5525,4.6941,4.6941,"26,254,270"
HT,2022-08-23,4.4236,4.6532,4.3730,4.6276,4.6276,"27,084,899"
HT,2022-08-22,4.4352,4.4438,4.3567,4.4242,4.4242,"11,011,266"
STX,2022-08-28,0.362396,0.368885,0.361045,0.365627,0.365627,"6,202,889"
STX,2022-08-27,0.363814,0.369928,0.358269,0.363122,0.363122,"9,349,506"
STX,2022-08-26,0.399874,0.403439,0.362441,0.363804,0.363804,"20,054,781"
STX,2022-08-25,0.387779,0.419161,0.387427,0.399947,0.399947,"17,121,099"
STX,2022-08-24,0.389271,0.398408,0.379355,0.387843,0.387843,"10,735,540"
STX,2022-08-23,0.386467,0.390676,0.373905,0.389308,0.389308,"10,623,073"
STX,2022-08-22,0.396207,0.396241,0.369950,0.384999,0.384999,"14,225,144"
WAVES,2022-08-28,4.5244,4.5699,4.4765,4.5295,4.5295,"78,845,336"
WAVES,2022-08-27,4.5531,4.5891,4.4512,4.5318,4.5318,"102,862,442"
WAVES,2022-08-26,5.1007,5.1007,4.5168,4.5526,4.5526,"192,487,447"
WAVES,2022-08-25,5.0635,5.1410,5.0253,5.1005,5.1005,"124,088,224"
WAVES,2022-08-24,5.1215,5.2682,4.9752,5.0629,5.0629,"239,490,003"
WAVES,2022-08-23,4.8239,5.1241,4.6486,5.1241,5.1241,"238,009,916"
WAVES,2022-08-22,4.9390,4.9399,4.6234,4.8229,4.8229,"139,332,973"
ENJ,2022-08-28,0.508291,0.519021,0.505173,0.513503,0.513503,"32,576,104"
ENJ,2022-08-27,0.508706,0.515638,0.500291,0.509215,0.509215,"41,268,291"
ENJ,2022-08-26,0.570281,0.575168,0.505476,0.508653,0.508653,"66,912,652"
ENJ,2022-08-25,0.561752,0.580672,0.561637,0.570357,0.570357,"42,123,001"
ENJ,2022-08-24,0.567783,0.577456,0.554144,0.561748,0.561748,"43,690,768"
ENJ,2022-08-23,0.552363,0.571217,0.537901,0.567873,0.567873,"44,504,407"
ENJ,2022-08-22,0.570923,0.570923,0.532047,0.552329,0.552329,"44,523,238"
CAKE,2022-08-28,3.7318,3.9442,3.7148,3.8674,3.8674,"45,762,824"
CAKE,2022-08-27,3.7450,3.8275,3.6926,3.7321,3.7321,"39,477,731"
CAKE,2022-08-26,4.0404,4.0404,3.7350,3.7449,3.7449,"43,557,272"
CAKE,2022-08-25,3.9178,4.0615,3.9171,4.0406,4.0406,"41,805,468"
CAKE,2022-08-24,3.9239,3.9604,3.8630,3.9180,3.9180,"39,025,159"
CAKE,2022-08-23,3.9616,3.9680,3.8614,3.9237,3.9237,"40,985,288"
CAKE,2022-08-22,3.9368,3.9620,3.7944,3.9613,3.9613,"43,133,542"
ZIL,2022-08-28,0.036566,0.036997,0.036232,0.036748,0.036748,"82,870,672"
ZIL,2022-08-27,0.035881,0.036911,0.035608,0.036614,0.036614,"113,414,327"
ZIL,2022-08-26,0.039720,0.039720,0.035662,0.035885,0.035885,"189,596,811"
ZIL,2022-08-25,0.038680,0.040969,0.038680,0.039725,0.039725,"174,638,104"
ZIL,2022-08-24,0.038017,0.041264,0.036920,0.038678,0.038678,"242,804,517"
ZIL,2022-08-23,0.037138,0.038089,0.036144,0.038026,0.038026,"135,709,424"
ZIL,2022-08-22,0.037703,0.037710,0.035919,0.037130,0.037130,"144,304,134"
LRC,2022-08-28,0.355002,0.359947,0.351689,0.356002,0.356002,"31,436,562"
LRC,2022-08-27,0.355308,0.360566,0.351547,0.355791,0.355791,"44,793,660"
LRC,2022-08-26,0.394713,0.397436,0.350450,0.355188,0.355188,"74,537,432"
LRC,2022-08-25,0.387291,0.406567,0.387255,0.394816,0.394816,"56,245,935"
LRC,2022-08-24,0.384297,0.397455,0.373848,0.387285,0.387285,"50,713,806"
LRC,2022-08-23,0.377447,0.386321,0.363191,0.384298,0.384298,"47,746,724"
LRC,2022-08-22,0.383644,0.383644,0.361877,0.377463,0.377463,"38,631,169"
PAXG,2022-08-28,"1,729.09","1,730.99","1,726.20","1,727.20","1,727.20","13,100,819"
PAXG,2022-08-27,"1,731.27","1,732.54","1,726.68","1,729.59","1,729.59","11,394,161"
PAXG,2022-08-26,"1,751.98","1,752.08","1,728.11","1,731.15","1,731.15","20,155,345"
PAXG,2022-08-25,"1,745.43","1,758.66","1,744.42","1,751.88","1,751.88","9,536,577"
PAXG,2022-08-24,"1,745.49","1,749.55","1,739.76","1,745.53","1,745.53","12,243,867"
PAXG,2022-08-23,"1,731.89","1,747.83","1,728.99","1,745.68","1,745.68","24,423,217"
PAXG,2022-08-22,"1,739.86","1,741.48","1,725.05","1,732.18","1,732.18","15,714,640"
DASH,2022-08-28,45.10,45.94,44.87,45.75,45.75,"77,681,880"
DASH,2022-08-27,44.25,45.26,43.96,45.17,45.17,"82,386,722"
DASH,2022-08-26,49.24,49.24,44.05,44.25,44.25,"115,757,114"
DASH,2022-08-25,49.27,50.12,48.83,49.25,49.25,"96,749,150"
DASH,2022-08-24,48.54,50.48,47.41,49.27,49.27,"108,608,415"
DASH,2022-08-23,47.25,48.73,45.84,48.54,48.54,"105,331,417"
DASH,2022-08-22,46.87,47.25,44.45,47.25,47.25,"84,102,511"
MINA,2022-08-28,0.660072,0.674070,0.655616,0.665728,0.665728,"11,540,047"
MINA,2022-08-27,0.653162,0.668653,0.644758,0.661931,0.661931,"13,972,454"
MINA,2022-08-26,0.723464,0.728883,0.649116,0.653120,0.653120,"19,727,870"
MINA,2022-08-25,0.725382,0.743588,0.719455,0.723617,0.723617,"11,588,504"
MINA,2022-08-24,0.730877,0.743393,0.714807,0.725338,0.725338,"13,633,144"
MINA,2022-08-23,0.722946,0.738872,0.698800,0.730955,0.730955,"17,749,726"
MINA,2022-08-22,0.727285,0.729652,0.686762,0.722818,0.722818,"15,351,846"
GMT,2022-08-28,0.779742,0.779742,0.779742,0.779742,0.779742,118
GMT,2022-08-27,0.779742,0.779742,0.779742,0.779742,0.779742,-
GMT,2022-08-26,0.779742,0.779742,0.779742,0.779742,0.779742,-
GMT,2022-08-25,0.779026,0.789157,0.769774,0.779742,0.779742,-
GMT,2022-08-24,0.948466,1.021193,0.762627,0.779013,0.779013,334
GMT,2022-08-23,0.819101,1.042263,0.807640,0.948495,0.948495,932
GMT,2022-08-22,0.818558,0.838898,0.808720,0.818846,0.818846,-
CEL,2022-08-28,0.8870,1.2786,0.8829,1.2421,1.2421,"28,776,914"
CEL,2022-08-27,0.9331,0.9610,0.8528,0.8917,0.8917,"13,891,411"
CEL,2022-08-26,1.2126,1.2433,0.9052,0.9329,0.9329,"21,323,024"
CEL,2022-08-25,1.3696,1.4259,1.1318,1.2095,1.2095,"23,832,642"
CEL,2022-08-24,1.6871,1.6917,1.3575,1.3647,1.3647,"28,770,785"
CEL,2022-08-23,1.6994,1.7988,1.6109,1.6870,1.6870,"27,220,151"
CEL,2022-08-22,2.2619,2.2734,1.5574,1.6986,1.6986,"26,381,024"
KAVA,2022-08-28,1.6480,1.6883,1.6398,1.6719,1.6719,"12,633,264"
KAVA,2022-08-27,1.6528,1.6744,1.6210,1.6515,1.6515,"14,959,923"
KAVA,2022-08-26,1.8456,1.8686,1.6364,1.6522,1.6522,"24,334,551"
KAVA,2022-08-25,1.8153,1.8846,1.8133,1.8459,1.8459,"21,844,519"
KAVA,2022-08-24,1.7949,1.8696,1.7545,1.8151,1.8151,"22,009,505"
KAVA,2022-08-23,1.7857,1.8383,1.7248,1.7949,1.7949,"27,262,321"
KAVA,2022-08-22,1.8438,1.8535,1.7335,1.7859,1.7859,"20,314,677"
BTG,2022-08-28,23.24,24.09,23.04,23.21,23.21,"12,003,831"
BTG,2022-08-27,23.83,23.89,23.01,23.28,23.28,"7,709,909"
BTG,2022-08-26,26.08,26.30,23.81,23.83,23.83,"16,713,226"
BTG,2022-08-25,25.64,26.36,25.63,26.11,26.11,"14,303,789"
BTG,2022-08-24,25.19,26.26,25.16,25.64,25.64,"28,880,800"
BTG,2022-08-23,24.51,25.34,23.95,25.19,25.19,"22,576,446"
BTG,2022-08-22,24.87,25.04,23.50,24.51,24.51,"17,463,411"
NEXO,2022-08-28,0.934177,0.949508,0.932860,0.939782,0.939782,"20,652,914"
NEXO,2022-08-27,0.925407,0.935683,0.912843,0.935668,0.935668,"26,919,413"
NEXO,2022-08-26,0.996002,1.002046,0.923494,0.925519,0.925519,"28,806,550"
NEXO,2022-08-25,0.957190,1.003213,0.955847,0.996109,0.996109,"31,347,567"
NEXO,2022-08-24,0.970948,1.054256,0.951805,0.957193,0.957193,"46,386,784"
NEXO,2022-08-23,0.900225,0.971148,0.887848,0.971079,0.971079,"28,706,606"
NEXO,2022-08-22,0.921649,0.927011,0.886350,0.900151,0.900151,"12,638,601"
KSM,2022-08-28,45.72,47.34,45.35,46.79,46.79,"24,891,538"
KSM,2022-08-27,44.38,45.95,43.99,45.80,45.80,"41,253,238"
KSM,2022-08-26,48.54,49.23,44.07,44.38,44.38,"73,621,504"
KSM,2022-08-25,48.99,50.61,48.35,48.55,48.55,"46,998,038"
KSM,2022-08-24,49.60,50.23,48.25,48.99,48.99,"52,826,622"
KSM,2022-08-23,50.57,50.90,48.44,49.59,49.59,"55,407,551"
KSM,2022-08-22,50.69,50.71,46.76,50.57,50.57,"26,597,906"
CELO,2022-08-28,0.815493,0.824792,0.806356,0.820433,0.820433,"6,819,239"
CELO,2022-08-27,0.812689,0.825737,0.804632,0.817947,0.817947,"9,661,441"
CELO,2022-08-26,0.905887,0.905887,0.807900,0.812739,0.812739,"20,392,072"
CELO,2022-08-25,0.898847,0.919533,0.892698,0.905919,0.905919,"11,270,869"
CELO,2022-08-24,0.905732,0.920526,0.883134,0.898800,0.898800,"12,488,974"
CELO,2022-08-23,0.897050,0.911400,0.868128,0.905709,0.905709,"11,424,155"
CELO,2022-08-22,0.931311,0.931964,0.864554,0.897008,0.897008,"15,456,008"
1INCH,2022-08-28,0.65316,0.66780,0.64885,0.66247,0.66247,"20,449,184"
1INCH,2022-08-27,0.66182,0.66430,0.64701,0.65331,0.65331,"25,522,676"
1INCH,2022-08-26,0.74374,0.74603,0.65829,0.66175,0.66175,"34,672,571"
1INCH,2022-08-25,0.72385,0.75021,0.72349,0.74397,0.74397,"28,328,166"
1INCH,2022-08-24,0.72528,0.73986,0.71103,0.72389,0.72389,"28,465,287"
1INCH,2022-08-23,0.70045,0.72910,0.68657,0.72532,0.72532,"43,037,634"
1INCH,2022-08-22,0.70072,0.70072,0.66396,0.70031,0.70031,"45,677,113"
ANKR,2022-08-28,0.036073,0.038765,0.035809,0.037174,0.037174,"65,990,492"
ANKR,2022-08-27,0.036976,0.037527,0.035382,0.035942,0.035942,"39,645,843"
ANKR,2022-08-26,0.041064,0.042078,0.036633,0.036941,0.036941,"96,764,223"
ANKR,2022-08-25,0.040266,0.044245,0.040222,0.041060,0.041060,"163,665,495"
ANKR,2022-08-24,0.037244,0.042382,0.036097,0.040271,0.040271,"152,175,264"
ANKR,2022-08-23,0.037095,0.037307,0.035646,0.037227,0.037227,"29,626,864"
ANKR,2022-08-22,0.038272,0.038314,0.035368,0.037094,0.037094,"37,133,584"
DCR,2022-08-28,27.89,29.20,27.69,27.98,27.98,"2,998,890"
DCR,2022-08-27,29.23,29.36,27.45,28.00,28.00,"3,022,415"
DCR,2022-08-26,33.64,35.39,28.90,29.23,29.23,"7,441,246"
DCR,2022-08-25,31.82,36.80,30.64,33.64,33.64,"30,271,770"
DCR,2022-08-24,28.93,36.25,28.40,31.75,31.75,"14,681,997"
DCR,2022-08-23,28.54,28.96,28.09,28.93,28.93,"2,040,775"
DCR,2022-08-22,29.55,29.55,27.47,28.54,28.54,"2,032,720"
ROSE,2022-08-28,0.064405,0.065853,0.063689,0.065718,0.065718,"20,907,932"
ROSE,2022-08-27,0.063126,0.065830,0.062764,0.064404,0.064404,"31,418,379"
ROSE,2022-08-26,0.069867,0.070415,0.062556,0.063105,0.063105,"57,823,274"
ROSE,2022-08-25,0.071013,0.073385,0.069023,0.069875,0.069875,"44,497,949"
ROSE,2022-08-24,0.072941,0.074262,0.069922,0.070997,0.070997,"45,984,342"
ROSE,2022-08-23,0.068400,0.073469,0.067088,0.072988,0.072988,"75,867,949"
ROSE,2022-08-22,0.068591,0.068805,0.063733,0.068423,0.068423,"39,369,963"
AR,2022-08-28,10.98,11.01,10.60,10.76,10.76,"10,997,407"
AR,2022-08-27,11.14,11.38,10.90,11.00,11.00,"14,697,415"
AR,2022-08-26,12.31,12.31,11.09,11.14,11.14,"21,365,427"
AR,2022-08-25,12.47,12.87,12.24,12.32,12.32,"12,427,646"
AR,2022-08-24,12.46,12.96,12.21,12.47,12.47,"18,880,543"
AR,2022-08-23,12.20,12.51,11.68,12.46,12.46,"17,638,829"
AR,2022-08-22,12.67,12.69,11.62,12.20,12.20,"20,826,094"
XEM,2022-08-28,0.044779,0.045518,0.044497,0.045086,0.045086,"9,619,399"
XEM,2022-08-27,0.043815,0.045002,0.043610,0.044769,0.044769,"12,210,920"
XEM,2022-08-26,0.047755,0.048878,0.043545,0.043802,0.043802,"18,403,526"
XEM,2022-08-25,0.046293,0.048892,0.046293,0.047767,0.047767,"18,796,358"
XEM,2022-08-24,0.046700,0.047312,0.045767,0.046295,0.046295,"12,818,616"
XEM,2022-08-23,0.045666,0.046980,0.044947,0.046693,0.046693,"15,014,310"
XEM,2022-08-22,0.046313,0.046355,0.043789,0.045660,0.045660,"7,407,781"
CVX,2022-08-28,5.0994,5.1956,5.0561,5.1536,5.1536,"7,925,682"
CVX,2022-08-27,5.1472,5.2150,4.9947,5.0977,5.0977,"10,017,128"
CVX,2022-08-26,5.8436,5.9380,5.1235,5.1486,5.1486,"14,672,690"
CVX,2022-08-25,5.7929,5.9193,5.7354,5.8457,5.8457,"10,634,056"
CVX,2022-08-24,5.7102,5.9009,5.4794,5.7932,5.7932,"14,213,789"
CVX,2022-08-23,5.2716,5.8527,5.1885,5.7090,5.7090,"21,598,398"
CVX,2022-08-22,5.3656,5.3700,4.9401,5.2712,5.2712,"20,273,246"
GNO,2022-08-28,150.89,152.42,150.03,151.76,151.76,"5,126,590"
GNO,2022-08-27,154.22,154.40,149.07,151.07,151.07,"4,603,011"
GNO,2022-08-26,168.63,168.77,153.75,154.28,154.28,"7,725,577"
GNO,2022-08-25,165.99,169.50,165.93,168.61,168.61,"3,720,279"
GNO,2022-08-24,165.24,167.60,161.89,165.99,165.99,"5,218,489"
GNO,2022-08-23,165.18,166.01,161.46,165.21,165.21,"6,566,997"
GNO,2022-08-22,167.01,167.03,160.27,165.19,165.19,"4,812,420"
TWT,2022-08-28,0.959874,0.970082,0.952281,0.957566,0.957566,"6,983,855"
TWT,2022-08-27,0.957425,1.006082,0.935430,0.962533,0.962533,"15,987,362"
TWT,2022-08-26,1.009292,1.025678,0.954020,0.957495,0.957495,"17,090,173"
TWT,2022-08-25,1.030800,1.040170,0.996149,1.009852,1.009852,"12,853,537"
TWT,2022-08-24,1.025868,1.042108,1.015893,1.030817,1.030817,"12,057,052"
TWT,2022-08-23,1.036496,1.045940,1.003887,1.025721,1.025721,"18,290,858"
TWT,2022-08-22,1.078667,1.086484,1.015698,1.036282,1.036282,"17,280,169"
SNX,2022-08-28,2.8858,3.1194,2.8390,3.0732,3.0732,"108,255,560"
SNX,2022-08-27,2.7041,2.9112,2.6324,2.8959,2.8959,"96,760,023"
SNX,2022-08-26,3.0176,3.2777,2.6883,2.7006,2.7006,"183,782,462"
SNX,2022-08-25,3.0338,3.1028,2.9224,3.0182,3.0182,"57,913,105"
SNX,2022-08-24,3.0527,3.1341,2.9728,3.0339,3.0339,"60,976,803"
SNX,2022-08-23,3.0009,3.2096,2.9151,3.0528,3.0528,"100,483,936"
SNX,2022-08-22,3.0811,3.0941,2.8003,3.0005,3.0005,"99,779,275"
COMP,2022-08-27,-,-,-,-,-,-
COMP,2022-08-26,-,-,-,-,-,-
COMP,2022-08-25,-,-,-,-,-,-
COMP,2022-08-24,-,-,-,-,-,-
COMP,2022-08-23,-,-,-,-,-,-
COMP,2022-08-22,-,-,-,-,-,-
COMP,2022-08-21,-,-,-,-,-,-
HOT,2022-08-28,0.002052,0.002074,0.002044,0.002073,0.002073,"112,136"
HOT,2022-08-27,0.002052,0.002060,0.002029,0.002046,0.002046,"65,053"
HOT,2022-08-26,0.002208,0.002215,0.002050,0.002052,0.002052,"30,232"
HOT,2022-08-25,0.002247,0.002247,0.002202,0.002208,0.002208,"71,147"
HOT,2022-08-24,0.002219,0.002255,0.002179,0.002247,0.002247,"147,293"
HOT,2022-08-23,0.002140,0.002235,0.002132,0.002219,0.002219,"110,696"
HOT,2022-08-22,0.002228,0.002230,0.002110,0.002140,0.002140,"125,261"
XDC,2022-08-28,0.027430,0.027535,0.026823,0.027323,0.027323,"3,959,986"
XDC,2022-08-27,0.028125,0.028261,0.027099,0.027458,0.027458,"5,297,197"
XDC,2022-08-26,0.030092,0.030274,0.028047,0.028170,0.028170,"4,542,872"
XDC,2022-08-25,0.031304,0.031865,0.030043,0.030093,0.030093,"5,031,964"
XDC,2022-08-24,0.033513,0.033513,0.030708,0.031300,0.031300,"10,760,426"
XDC,2022-08-23,0.029815,0.033768,0.028319,0.033536,0.033536,"11,908,709"
XDC,2022-08-22,0.031232,0.031410,0.028792,0.029839,0.029839,"7,395,015"
QTUM,2022-08-28,3.1116,3.1641,3.0849,3.1323,3.1323,"44,114,512"
QTUM,2022-08-27,3.1071,3.1251,3.0431,3.1166,3.1166,"52,494,314"
QTUM,2022-08-26,3.4826,3.4826,3.0912,3.1071,3.1071,"66,036,575"
QTUM,2022-08-25,3.4612,3.5432,3.4340,3.4833,3.4833,"56,275,394"
QTUM,2022-08-24,3.5063,3.5650,3.4069,3.4621,3.4621,"65,548,233"
QTUM,2022-08-23,3.4792,3.5284,3.3519,3.5066,3.5066,"61,960,105"
QTUM,2022-08-22,3.4729,3.4792,3.2624,3.4788,3.4788,"43,586,991"
GALA,2022-08-28,0.050777,0.051769,0.050362,0.051377,0.051377,"129,737,672"
GALA,2022-08-27,0.049733,0.050981,0.049350,0.050777,0.050777,"169,378,843"
GALA,2022-08-26,0.054743,0.054765,0.049225,0.049725,0.049725,"247,264,148"
GALA,2022-08-25,0.054899,0.056752,0.054005,0.054759,0.054759,"193,423,653"
GALA,2022-08-24,0.054282,0.056394,0.052868,0.054892,0.054892,"244,986,224"
GALA,2022-08-23,0.053383,0.055175,0.051318,0.054292,0.054292,"194,115,861"
GALA,2022-08-22,0.053959,0.053986,0.050666,0.053377,0.053377,"202,805,266"
FEI,2022-08-28,0.990328,0.992542,0.983212,0.986525,0.986525,"4,182,861"
FEI,2022-08-27,0.981099,0.994813,0.979549,0.987952,0.987952,"4,126,780"
FEI,2022-08-26,0.996145,0.997091,0.979304,0.981107,0.981107,"2,311,242"
FEI,2022-08-25,0.992204,1.005168,0.991759,0.996403,0.996403,"5,010,782"
FEI,2022-08-24,0.992352,0.995710,0.984683,0.992240,0.992240,"5,185,379"
FEI,2022-08-23,0.996220,0.997375,0.984724,0.992190,0.992190,"13,933,522"
FEI,2022-08-22,0.985059,0.997109,0.985059,0.996458,0.996458,"20,660,086"
